{
    "total": [
        {
            "id": "100049259184105",
            "count": 0
        },
        {
            "id": "100033024997303",
            "count": 40
        },
        {
            "id": "100064472911041",
            "count": 0
        }
    ],
    "week": [
        {
            "id": "100049259184105",
            "count": 0
        },
        {
            "id": "100033024997303",
            "count": 40
        },
        {
            "id": "100064472911041",
            "count": 0
        }
    ],
    "day": [
        {
            "id": "100049259184105",
            "count": 0,
            "name": "Trần Được"
        },
        {
            "id": "100033024997303",
            "count": 30,
            "name": "Kag VA"
        },
        {
            "id": "100064472911041",
            "count": 0
        }
    ],
    "time": 5,
    "last": {
        "time": 4,
        "day": [
            {
                "id": "100049259184105",
                "count": 0,
                "name": "Trần Được"
            },
            {
                "id": "100033024997303",
                "count": 10,
                "name": "Kag VA"
            },
            {
                "id": "100064472911041",
                "count": 0
            }
        ],
        "week": [
            {
                "id": "100049259184105",
                "count": 0
            },
            {
                "id": "100033024997303",
                "count": 0
            },
            {
                "id": "100064472911041",
                "count": 0
            }
        ]
    }
}