{
    "total": [
        {
            "id": "100075754041215",
            "count": 0
        },
        {
            "id": "100027115028117",
            "count": 0
        },
        {
            "id": "100069928156210",
            "count": 0
        },
        {
            "id": "61552561037495",
            "count": 1
        },
        {
            "id": "100057339721294",
            "count": 0
        },
        {
            "id": "100088546753745",
            "count": 0
        },
        {
            "id": "100048946782686",
            "count": 0
        },
        {
            "id": "100022501217394",
            "count": 0
        },
        {
            "id": "100033024997303",
            "count": 14
        },
        {
            "id": "61551227974853",
            "count": 0
        },
        {
            "id": "100087914340748",
            "count": 0
        },
        {
            "id": "61554367810615",
            "count": 0
        },
        {
            "id": "61560552907559",
            "count": 1
        },
        {
            "id": "100083114115296",
            "count": 0
        },
        {
            "id": "100080753930075",
            "count": 2
        },
        {
            "id": "61553327815998",
            "count": 0
        },
        {
            "id": "100069279990780",
            "count": 0
        },
        {
            "id": "100055799731848",
            "count": 0
        },
        {
            "id": "61557148696119",
            "count": 0
        },
        {
            "id": "100078124533016",
            "count": 0
        },
        {
            "id": "100056259704054",
            "count": 0
        },
        {
            "id": "100034825971814",
            "count": 0
        },
        {
            "id": "100067045832239",
            "count": 1
        },
        {
            "id": "100088505910073",
            "count": 0
        },
        {
            "id": "100063598840879",
            "count": 0
        },
        {
            "id": "100079473080954",
            "count": 0
        },
        {
            "id": "61550062025761",
            "count": 0
        },
        {
            "id": "61550999829026",
            "count": 1
        },
        {
            "id": "100050340570349",
            "count": 0
        },
        {
            "id": "61554869013516",
            "count": 0
        },
        {
            "id": "61565781955594",
            "count": 0
        },
        {
            "id": "100094011176191",
            "count": 0
        },
        {
            "id": "100076158405556",
            "count": 0
        },
        {
            "id": "61553176829126",
            "count": 0
        },
        {
            "id": "100041338372316",
            "count": 0
        },
        {
            "id": "100071406587447",
            "count": 0
        },
        {
            "id": "100090514823416",
            "count": 0
        },
        {
            "id": "100043780161887",
            "count": 0
        },
        {
            "id": "61566828895406",
            "count": 0
        },
        {
            "id": "61561348651491",
            "count": 0
        },
        {
            "id": "100085455150504",
            "count": 0
        },
        {
            "id": "100074727433236",
            "count": 0
        },
        {
            "id": "100029921942006",
            "count": 0
        },
        {
            "id": "61554608413922",
            "count": 0
        },
        {
            "id": "61570445501148",
            "count": 0
        },
        {
            "id": "61556714603444",
            "count": 0
        },
        {
            "id": "100057939051339",
            "count": 0
        },
        {
            "id": "100042223141006",
            "count": 0
        },
        {
            "id": "100056194339755",
            "count": 0
        },
        {
            "id": "100049490462381",
            "count": 1
        },
        {
            "id": "100075752103376",
            "count": 6
        },
        {
            "id": "100037698050552",
            "count": 0
        },
        {
            "id": "100052934674858",
            "count": 0
        },
        {
            "id": "61569296045322",
            "count": 0
        },
        {
            "id": "100075545324444",
            "count": 0
        },
        {
            "id": "100052090599093",
            "count": 0
        },
        {
            "id": "61567702015299",
            "count": 0
        },
        {
            "id": "100063615669499",
            "count": 0
        },
        {
            "id": "61550530057831",
            "count": 1
        },
        {
            "id": "508939435",
            "count": 2
        },
        {
            "id": "100072600368095",
            "count": 0
        },
        {
            "id": "61559902172763",
            "count": 0
        },
        {
            "id": "61555088639004",
            "count": 0
        },
        {
            "id": "100067064558191",
            "count": 0
        },
        {
            "id": "100049314282842",
            "count": 0
        },
        {
            "id": "100049259184105",
            "count": 0
        }
    ],
    "week": [
        {
            "id": "100075754041215",
            "count": 0
        },
        {
            "id": "100027115028117",
            "count": 0
        },
        {
            "id": "100069928156210",
            "count": 0
        },
        {
            "id": "61552561037495",
            "count": 1
        },
        {
            "id": "100057339721294",
            "count": 0
        },
        {
            "id": "100088546753745",
            "count": 0
        },
        {
            "id": "100048946782686",
            "count": 0
        },
        {
            "id": "100022501217394",
            "count": 0
        },
        {
            "id": "100033024997303",
            "count": 14
        },
        {
            "id": "61551227974853",
            "count": 0
        },
        {
            "id": "100087914340748",
            "count": 0
        },
        {
            "id": "61554367810615",
            "count": 0
        },
        {
            "id": "61560552907559",
            "count": 1
        },
        {
            "id": "100083114115296",
            "count": 0
        },
        {
            "id": "100080753930075",
            "count": 2
        },
        {
            "id": "61553327815998",
            "count": 0
        },
        {
            "id": "100069279990780",
            "count": 0
        },
        {
            "id": "100055799731848",
            "count": 0
        },
        {
            "id": "61557148696119",
            "count": 0
        },
        {
            "id": "100078124533016",
            "count": 0
        },
        {
            "id": "100056259704054",
            "count": 0
        },
        {
            "id": "100034825971814",
            "count": 0
        },
        {
            "id": "100067045832239",
            "count": 1
        },
        {
            "id": "100088505910073",
            "count": 0
        },
        {
            "id": "100063598840879",
            "count": 0
        },
        {
            "id": "100079473080954",
            "count": 0
        },
        {
            "id": "61550062025761",
            "count": 0
        },
        {
            "id": "61550999829026",
            "count": 1
        },
        {
            "id": "100050340570349",
            "count": 0
        },
        {
            "id": "61554869013516",
            "count": 0
        },
        {
            "id": "61565781955594",
            "count": 0
        },
        {
            "id": "100094011176191",
            "count": 0
        },
        {
            "id": "100076158405556",
            "count": 0
        },
        {
            "id": "61553176829126",
            "count": 0
        },
        {
            "id": "100041338372316",
            "count": 0
        },
        {
            "id": "100071406587447",
            "count": 0
        },
        {
            "id": "100090514823416",
            "count": 0
        },
        {
            "id": "100043780161887",
            "count": 0
        },
        {
            "id": "61566828895406",
            "count": 0
        },
        {
            "id": "61561348651491",
            "count": 0
        },
        {
            "id": "100085455150504",
            "count": 0
        },
        {
            "id": "100074727433236",
            "count": 0
        },
        {
            "id": "100029921942006",
            "count": 0
        },
        {
            "id": "61554608413922",
            "count": 0
        },
        {
            "id": "61570445501148",
            "count": 0
        },
        {
            "id": "61556714603444",
            "count": 0
        },
        {
            "id": "100057939051339",
            "count": 0
        },
        {
            "id": "100042223141006",
            "count": 0
        },
        {
            "id": "100056194339755",
            "count": 0
        },
        {
            "id": "100049490462381",
            "count": 1
        },
        {
            "id": "100075752103376",
            "count": 6
        },
        {
            "id": "100037698050552",
            "count": 0
        },
        {
            "id": "100052934674858",
            "count": 0
        },
        {
            "id": "61569296045322",
            "count": 0
        },
        {
            "id": "100075545324444",
            "count": 0
        },
        {
            "id": "100052090599093",
            "count": 0
        },
        {
            "id": "61567702015299",
            "count": 0
        },
        {
            "id": "100063615669499",
            "count": 0
        },
        {
            "id": "61550530057831",
            "count": 1
        },
        {
            "id": "508939435",
            "count": 2
        },
        {
            "id": "100072600368095",
            "count": 0
        },
        {
            "id": "61559902172763",
            "count": 0
        },
        {
            "id": "61555088639004",
            "count": 0
        },
        {
            "id": "100067064558191",
            "count": 0
        },
        {
            "id": "100049314282842",
            "count": 0
        },
        {
            "id": "100049259184105",
            "count": 0
        }
    ],
    "day": [
        {
            "id": "100075754041215",
            "count": 0,
            "name": "Công Đoàn"
        },
        {
            "id": "100027115028117",
            "count": 0,
            "name": "Itsuki Nakano"
        },
        {
            "id": "100069928156210",
            "count": 0,
            "name": "Thanh Phong"
        },
        {
            "id": "61552561037495",
            "count": 1,
            "name": "Tuan Kiet"
        },
        {
            "id": "100057339721294",
            "count": 0,
            "name": "Võ Thuận"
        },
        {
            "id": "100088546753745",
            "count": 0,
            "name": "Hoang Long"
        },
        {
            "id": "100048946782686",
            "count": 0,
            "name": "Đặng Minh Đức"
        },
        {
            "id": "100022501217394",
            "count": 0,
            "name": "Gia Bao Hoang"
        },
        {
            "id": "100033024997303",
            "count": 9,
            "name": "Kag VA"
        },
        {
            "id": "61551227974853",
            "count": 0,
            "name": "Nam Võ Nam"
        },
        {
            "id": "100087914340748",
            "count": 0,
            "name": "Best Nakrot"
        },
        {
            "id": "61554367810615",
            "count": 0,
            "name": "Unkown ZicZac"
        },
        {
            "id": "61560552907559",
            "count": 0,
            "name": "Bin Bin"
        },
        {
            "id": "100083114115296",
            "count": 0,
            "name": "Beo Yeuzem"
        },
        {
            "id": "100080753930075",
            "count": 1,
            "name": "Nguyễn Thanh Sha"
        },
        {
            "id": "61553327815998",
            "count": 0,
            "name": "Vũ Bùi"
        },
        {
            "id": "100069279990780",
            "count": 0,
            "name": "Nguyễn Văn Hoàng Bách"
        },
        {
            "id": "100055799731848",
            "count": 0,
            "name": "Dương Huỳnh Long"
        },
        {
            "id": "61557148696119",
            "count": 0,
            "name": "Phong Nam"
        },
        {
            "id": "100078124533016",
            "count": 0,
            "name": "Nagi Seishiro"
        },
        {
            "id": "100056259704054",
            "count": 0,
            "name": "Sóc Bay"
        },
        {
            "id": "100034825971814",
            "count": 0,
            "name": "Hoàng Beru"
        },
        {
            "id": "100067045832239",
            "count": 0,
            "name": "Nguyen Tien Thieu"
        },
        {
            "id": "100088505910073",
            "count": 0,
            "name": "Hoàng Lee"
        },
        {
            "id": "100063598840879",
            "count": 0,
            "name": "Phong Mai Đình"
        },
        {
            "id": "100079473080954",
            "count": 0,
            "name": "Nguyễn Phú Quí"
        },
        {
            "id": "61550062025761",
            "count": 0,
            "name": "Anh Tran"
        },
        {
            "id": "61550999829026",
            "count": 0,
            "name": "Nam Phong"
        },
        {
            "id": "100050340570349",
            "count": 0,
            "name": "Bình Lê"
        },
        {
            "id": "61554869013516",
            "count": 0,
            "name": "Duong Duong"
        },
        {
            "id": "61565781955594",
            "count": 0,
            "name": "Tuấn Tú Nguyễn"
        },
        {
            "id": "100094011176191",
            "count": 0,
            "name": "Kinh Le"
        },
        {
            "id": "100076158405556",
            "count": 0,
            "name": "Thuận"
        },
        {
            "id": "61553176829126",
            "count": 0,
            "name": "Nguyễn Đạt"
        },
        {
            "id": "100041338372316",
            "count": 0,
            "name": "Phuong Linh"
        },
        {
            "id": "100071406587447",
            "count": 0,
            "name": "Hoàng Mạnh Dũng"
        },
        {
            "id": "100090514823416",
            "count": 0,
            "name": "Vuong Nguyen"
        },
        {
            "id": "100043780161887",
            "count": 0,
            "name": "Hải Đăng"
        },
        {
            "id": "61566828895406",
            "count": 0,
            "name": "Natsuki Subaru"
        },
        {
            "id": "61561348651491",
            "count": 0,
            "name": "Lê Bảo Nam Nam"
        },
        {
            "id": "100085455150504",
            "count": 0,
            "name": "Nguyễn Xuân Đạt"
        },
        {
            "id": "100074727433236",
            "count": 0,
            "name": "Dung Anh"
        },
        {
            "id": "100029921942006",
            "count": 0,
            "name": "Gia Huy"
        },
        {
            "id": "61554608413922",
            "count": 0,
            "name": "Ng Van Linh"
        },
        {
            "id": "61570445501148",
            "count": 0,
            "name": "Kirito Cat"
        },
        {
            "id": "61556714603444",
            "count": 0,
            "name": "Đặng Hùng"
        },
        {
            "id": "100057939051339",
            "count": 0,
            "name": "Phạm Nguyên"
        },
        {
            "id": "100042223141006",
            "count": 0,
            "name": "Quân Minh"
        },
        {
            "id": "100056194339755",
            "count": 0,
            "name": "Quan Luong Anh"
        },
        {
            "id": "100049490462381",
            "count": 0,
            "name": "Lê Trần Nhật Tân"
        },
        {
            "id": "100075752103376",
            "count": 4,
            "name": "Khoa Phạm"
        },
        {
            "id": "100037698050552",
            "count": 0,
            "name": "Ngô Trung Tiền"
        },
        {
            "id": "100052934674858",
            "count": 0,
            "name": "Vũ Quyền"
        },
        {
            "id": "61569296045322",
            "count": 0,
            "name": "Luu Nam"
        },
        {
            "id": "100075545324444",
            "count": 0,
            "name": "Lê Thế Trọng"
        },
        {
            "id": "100052090599093",
            "count": 0,
            "name": "NghiaNhan Duong"
        },
        {
            "id": "61567702015299",
            "count": 0,
            "name": "Long Tr"
        },
        {
            "id": "100063615669499",
            "count": 0,
            "name": "Dang Khoi"
        },
        {
            "id": "61550530057831",
            "count": 0,
            "name": "Xuân Hảo"
        },
        {
            "id": "508939435",
            "count": 2,
            "name": "Minh Khôii"
        },
        {
            "id": "100072600368095",
            "count": 0,
            "name": "Trần Công Danh"
        },
        {
            "id": "61559902172763",
            "count": 0,
            "name": "Bắc Thần"
        },
        {
            "id": "61555088639004",
            "count": 0,
            "name": "Nh Ph"
        },
        {
            "id": "100067064558191",
            "count": 0,
            "name": "Lê Doãn Đạt"
        },
        {
            "id": "100049314282842",
            "count": 0,
            "name": "Chu Chu"
        },
        {
            "id": "100049259184105",
            "count": 0,
            "name": "Trần Được"
        }
    ],
    "time": 5,
    "last": {
        "time": 4,
        "day": [
            {
                "id": "100075754041215",
                "count": 0,
                "name": "Công Đoàn"
            },
            {
                "id": "100027115028117",
                "count": 0,
                "name": "Itsuki Nakano"
            },
            {
                "id": "100069928156210",
                "count": 0,
                "name": "Thanh Phong"
            },
            {
                "id": "61552561037495",
                "count": 0,
                "name": "Tuan Kiet"
            },
            {
                "id": "100057339721294",
                "count": 0,
                "name": "Võ Thuận"
            },
            {
                "id": "100088546753745",
                "count": 0,
                "name": "Hoang Long"
            },
            {
                "id": "100048946782686",
                "count": 0,
                "name": "Đặng Minh Đức"
            },
            {
                "id": "100022501217394",
                "count": 0,
                "name": "Gia Bao Hoang"
            },
            {
                "id": "100033024997303",
                "count": 5,
                "name": "Kag VA"
            },
            {
                "id": "61551227974853",
                "count": 0,
                "name": "Nam Võ Nam"
            },
            {
                "id": "100087914340748",
                "count": 0,
                "name": "Best Nakrot"
            },
            {
                "id": "61554367810615",
                "count": 0,
                "name": "Unkown ZicZac"
            },
            {
                "id": "61560552907559",
                "count": 1,
                "name": "Bin Bin"
            },
            {
                "id": "100083114115296",
                "count": 0,
                "name": "Beo Yeuzem"
            },
            {
                "id": "100080753930075",
                "count": 1,
                "name": "Nguyễn Thanh Sha"
            },
            {
                "id": "61553327815998",
                "count": 0,
                "name": "Vũ Bùi"
            },
            {
                "id": "100069279990780",
                "count": 0,
                "name": "Nguyễn Văn Hoàng Bách"
            },
            {
                "id": "100055799731848",
                "count": 0,
                "name": "Dương Huỳnh Long"
            },
            {
                "id": "61557148696119",
                "count": 0,
                "name": "Phong Nam"
            },
            {
                "id": "100078124533016",
                "count": 0,
                "name": "Nagi Seishiro"
            },
            {
                "id": "100056259704054",
                "count": 0,
                "name": "Sóc Bay"
            },
            {
                "id": "100034825971814",
                "count": 0,
                "name": "Hoàng Beru"
            },
            {
                "id": "100067045832239",
                "count": 1,
                "name": "Nguyen Tien Thieu"
            },
            {
                "id": "100088505910073",
                "count": 0,
                "name": "Hoàng Lee"
            },
            {
                "id": "100063598840879",
                "count": 0,
                "name": "Phong Mai Đình"
            },
            {
                "id": "100079473080954",
                "count": 0,
                "name": "Nguyễn Phú Quí"
            },
            {
                "id": "61550062025761",
                "count": 0,
                "name": "Anh Tran"
            },
            {
                "id": "61550999829026",
                "count": 1,
                "name": "Nam Phong"
            },
            {
                "id": "100050340570349",
                "count": 0,
                "name": "Bình Lê"
            },
            {
                "id": "61554869013516",
                "count": 0,
                "name": "Duong Duong"
            },
            {
                "id": "61565781955594",
                "count": 0,
                "name": "Tuấn Tú Nguyễn"
            },
            {
                "id": "100094011176191",
                "count": 0,
                "name": "Kinh Le"
            },
            {
                "id": "100076158405556",
                "count": 0,
                "name": "Thuận"
            },
            {
                "id": "61553176829126",
                "count": 0,
                "name": "Nguyễn Đạt"
            },
            {
                "id": "100041338372316",
                "count": 0,
                "name": "Phuong Linh"
            },
            {
                "id": "100071406587447",
                "count": 0,
                "name": "Hoàng Mạnh Dũng"
            },
            {
                "id": "100090514823416",
                "count": 0,
                "name": "Vuong Nguyen"
            },
            {
                "id": "100043780161887",
                "count": 0,
                "name": "Hải Đăng"
            },
            {
                "id": "61566828895406",
                "count": 0,
                "name": "Natsuki Subaru"
            },
            {
                "id": "61561348651491",
                "count": 0,
                "name": "Lê Bảo Nam Nam"
            },
            {
                "id": "100085455150504",
                "count": 0,
                "name": "Nguyễn Xuân Đạt"
            },
            {
                "id": "100074727433236",
                "count": 0,
                "name": "Dung Anh"
            },
            {
                "id": "100029921942006",
                "count": 0,
                "name": "Gia Huy"
            },
            {
                "id": "61554608413922",
                "count": 0,
                "name": "Ng Van Linh"
            },
            {
                "id": "61570445501148",
                "count": 0,
                "name": "Kirito Cat"
            },
            {
                "id": "61556714603444",
                "count": 0,
                "name": "Đặng Hùng"
            },
            {
                "id": "100057939051339",
                "count": 0,
                "name": "Phạm Nguyên"
            },
            {
                "id": "100042223141006",
                "count": 0,
                "name": "Quân Minh"
            },
            {
                "id": "100056194339755",
                "count": 0,
                "name": "Quan Luong Anh"
            },
            {
                "id": "100049490462381",
                "count": 1,
                "name": "Lê Trần Nhật Tân"
            },
            {
                "id": "100075752103376",
                "count": 2,
                "name": "Khoa Phạm"
            },
            {
                "id": "100037698050552",
                "count": 0,
                "name": "Ngô Trung Tiền"
            },
            {
                "id": "100052934674858",
                "count": 0,
                "name": "Vũ Quyền"
            },
            {
                "id": "61569296045322",
                "count": 0,
                "name": "Luu Nam"
            },
            {
                "id": "100075545324444",
                "count": 0,
                "name": "Lê Thế Trọng"
            },
            {
                "id": "100052090599093",
                "count": 0,
                "name": "NghiaNhan Duong"
            },
            {
                "id": "61567702015299",
                "count": 0,
                "name": "Long Tr"
            },
            {
                "id": "100063615669499",
                "count": 0,
                "name": "Dang Khoi"
            },
            {
                "id": "61550530057831",
                "count": 1,
                "name": "Xuân Hảo"
            },
            {
                "id": "508939435",
                "count": 0,
                "name": "Minh Khôii"
            },
            {
                "id": "100072600368095",
                "count": 0,
                "name": "Trần Công Danh"
            },
            {
                "id": "61559902172763",
                "count": 0,
                "name": "Bắc Thần"
            },
            {
                "id": "61555088639004",
                "count": 0,
                "name": "Nh Ph"
            },
            {
                "id": "100067064558191",
                "count": 0,
                "name": "Lê Doãn Đạt"
            },
            {
                "id": "100049314282842",
                "count": 0,
                "name": "Chu Chu"
            },
            {
                "id": "100049259184105",
                "count": 0,
                "name": "Trần Được"
            }
        ],
        "week": [
            {
                "id": "100075754041215",
                "count": 0
            },
            {
                "id": "100027115028117",
                "count": 0
            },
            {
                "id": "100069928156210",
                "count": 0
            },
            {
                "id": "61552561037495",
                "count": 0
            },
            {
                "id": "100057339721294",
                "count": 0
            },
            {
                "id": "100088546753745",
                "count": 0
            },
            {
                "id": "100048946782686",
                "count": 0
            },
            {
                "id": "100022501217394",
                "count": 0
            },
            {
                "id": "100033024997303",
                "count": 0
            },
            {
                "id": "61551227974853",
                "count": 0
            },
            {
                "id": "100087914340748",
                "count": 0
            },
            {
                "id": "61554367810615",
                "count": 0
            },
            {
                "id": "61560552907559",
                "count": 0
            },
            {
                "id": "100083114115296",
                "count": 0
            },
            {
                "id": "100080753930075",
                "count": 0
            },
            {
                "id": "61553327815998",
                "count": 0
            },
            {
                "id": "100069279990780",
                "count": 0
            },
            {
                "id": "100055799731848",
                "count": 0
            },
            {
                "id": "61557148696119",
                "count": 0
            },
            {
                "id": "100078124533016",
                "count": 0
            },
            {
                "id": "100056259704054",
                "count": 0
            },
            {
                "id": "100034825971814",
                "count": 0
            },
            {
                "id": "100067045832239",
                "count": 0
            },
            {
                "id": "100088505910073",
                "count": 0
            },
            {
                "id": "100063598840879",
                "count": 0
            },
            {
                "id": "100079473080954",
                "count": 0
            },
            {
                "id": "61550062025761",
                "count": 0
            },
            {
                "id": "61550999829026",
                "count": 0
            },
            {
                "id": "100050340570349",
                "count": 0
            },
            {
                "id": "61554869013516",
                "count": 0
            },
            {
                "id": "61565781955594",
                "count": 0
            },
            {
                "id": "100094011176191",
                "count": 0
            },
            {
                "id": "100076158405556",
                "count": 0
            },
            {
                "id": "61553176829126",
                "count": 0
            },
            {
                "id": "100041338372316",
                "count": 0
            },
            {
                "id": "100071406587447",
                "count": 0
            },
            {
                "id": "100090514823416",
                "count": 0
            },
            {
                "id": "100043780161887",
                "count": 0
            },
            {
                "id": "61566828895406",
                "count": 0
            },
            {
                "id": "61561348651491",
                "count": 0
            },
            {
                "id": "100085455150504",
                "count": 0
            },
            {
                "id": "100074727433236",
                "count": 0
            },
            {
                "id": "100029921942006",
                "count": 0
            },
            {
                "id": "61554608413922",
                "count": 0
            },
            {
                "id": "61570445501148",
                "count": 0
            },
            {
                "id": "61556714603444",
                "count": 0
            },
            {
                "id": "100057939051339",
                "count": 0
            },
            {
                "id": "100042223141006",
                "count": 0
            },
            {
                "id": "100056194339755",
                "count": 0
            },
            {
                "id": "100049490462381",
                "count": 0
            },
            {
                "id": "100075752103376",
                "count": 0
            },
            {
                "id": "100037698050552",
                "count": 0
            },
            {
                "id": "100052934674858",
                "count": 0
            },
            {
                "id": "61569296045322",
                "count": 0
            },
            {
                "id": "100075545324444",
                "count": 0
            },
            {
                "id": "100052090599093",
                "count": 0
            },
            {
                "id": "61567702015299",
                "count": 0
            },
            {
                "id": "100063615669499",
                "count": 0
            },
            {
                "id": "61550530057831",
                "count": 0
            },
            {
                "id": "508939435",
                "count": 0
            },
            {
                "id": "100072600368095",
                "count": 0
            },
            {
                "id": "61559902172763",
                "count": 0
            },
            {
                "id": "61555088639004",
                "count": 0
            },
            {
                "id": "100067064558191",
                "count": 0
            },
            {
                "id": "100049314282842",
                "count": 0
            },
            {
                "id": "100049259184105",
                "count": 0
            }
        ]
    }
}