{
    "total": [
        {
            "id": "61573539636959",
            "count": 0
        },
        {
            "id": "61573137148127",
            "count": 62
        },
        {
            "id": "100018277053087",
            "count": 44
        },
        {
            "id": "100077324920615",
            "count": 0
        },
        {
            "id": "61571421330017",
            "count": 5
        },
        {
            "id": "547509767",
            "count": 2
        },
        {
            "id": "100093955088307",
            "count": 75
        },
        {
            "id": "61573814545744",
            "count": 0
        },
        {
            "id": "61573512913319",
            "count": 30
        }
    ],
    "week": [
        {
            "id": "61573539636959",
            "count": 0
        },
        {
            "id": "61573137148127",
            "count": 62
        },
        {
            "id": "100018277053087",
            "count": 44
        },
        {
            "id": "100077324920615",
            "count": 0
        },
        {
            "id": "61571421330017",
            "count": 5
        },
        {
            "id": "547509767",
            "count": 2
        },
        {
            "id": "100093955088307",
            "count": 75
        },
        {
            "id": "61573814545744",
            "count": 0
        },
        {
            "id": "61573512913319",
            "count": 30
        }
    ],
    "day": [
        {
            "id": "61573539636959",
            "count": 0,
            "name": "Người dùng facebook"
        },
        {
            "id": "61573137148127",
            "count": 0,
            "name": "Người dùng facebook"
        },
        {
            "id": "100018277053087",
            "count": 0,
            "name": "Người dùng facebook"
        },
        {
            "id": "100077324920615",
            "count": 0,
            "name": "Người dùng facebook"
        },
        {
            "id": "61571421330017",
            "count": 0,
            "name": "Người dùng facebook"
        },
        {
            "id": "547509767",
            "count": 0,
            "name": "Người dùng facebook"
        },
        {
            "id": "100093955088307",
            "count": 0,
            "name": "Người dùng facebook"
        },
        {
            "id": "61573814545744",
            "count": 0,
            "name": "Người dùng facebook"
        },
        {
            "id": "61573512913319",
            "count": 0,
            "name": "Người dùng facebook"
        }
    ],
    "time": 5,
    "last": {
        "time": 0,
        "day": [
            {
                "id": "61573539636959",
                "count": 0,
                "name": "Người dùng facebook"
            },
            {
                "id": "61573137148127",
                "count": 62,
                "name": "Người dùng facebook"
            },
            {
                "id": "100018277053087",
                "count": 44,
                "name": "Người dùng facebook"
            },
            {
                "id": "100077324920615",
                "count": 0,
                "name": "Người dùng facebook"
            },
            {
                "id": "61571421330017",
                "count": 5,
                "name": "Người dùng facebook"
            },
            {
                "id": "547509767",
                "count": 2,
                "name": "Người dùng facebook"
            },
            {
                "id": "100093955088307",
                "count": 75,
                "name": "Người dùng facebook"
            },
            {
                "id": "61573814545744",
                "count": 0,
                "name": "Người dùng facebook"
            },
            {
                "id": "61573512913319",
                "count": 30,
                "name": "Người dùng facebook"
            }
        ],
        "week": [
            {
                "id": "61573539636959",
                "count": 0
            },
            {
                "id": "61573137148127",
                "count": 0
            },
            {
                "id": "100018277053087",
                "count": 0
            },
            {
                "id": "100077324920615",
                "count": 0
            },
            {
                "id": "61571421330017",
                "count": 0
            },
            {
                "id": "547509767",
                "count": 0
            },
            {
                "id": "100093955088307",
                "count": 0
            },
            {
                "id": "61573814545744",
                "count": 0
            },
            {
                "id": "61573512913319",
                "count": 0
            }
        ]
    }
}