[
    {
        "phien": 2,
        "result": "xỉu",
        "dice1": 1,
        "dice2": 6,
        "dice3": 2
    },
    {
        "phien": 3,
        "result": "xỉu",
        "dice1": 2,
        "dice2": 4,
        "dice3": 2
    },
    {
        "phien": 4,
        "result": "tài",
        "dice1": 5,
        "dice2": 2,
        "dice3": 4
    },
    {
        "phien": 5,
        "result": "xỉu",
        "dice1": 1,
        "dice2": 2,
        "dice3": 6
    },
    {
        "phien": 6,
        "result": "xỉu",
        "dice1": 2,
        "dice2": 3,
        "dice3": 5
    },
    {
        "phien": 7,
        "result": "xỉu",
        "dice1": 1,
        "dice2": 3,
        "dice3": 6
    },
    {
        "phien": 8,
        "result": "tài",
        "dice1": 6,
        "dice2": 6,
        "dice3": 3
    },
    {
        "phien": 9,
        "result": "tài",
        "dice1": 4,
        "dice2": 3,
        "dice3": 4
    },
    {
        "phien": 10,
        "result": "xỉu",
        "dice1": 1,
        "dice2": 1,
        "dice3": 3
    },
    {
        "phien": 11,
        "result": "xỉu",
        "dice1": 1,
        "dice2": 6,
        "dice3": 1
    },
    {
        "phien": 12,
        "result": "tài",
        "dice1": 4,
        "dice2": 6,
        "dice3": 3
    },
    {
        "phien": 13,
        "result": "xỉu",
        "dice1": 3,
        "dice2": 2,
        "dice3": 1
    },
    {
        "phien": 14,
        "result": "tài",
        "dice1": 2,
        "dice2": 5,
        "dice3": 5
    },
    {
        "phien": 15,
        "result": "tài",
        "dice1": 6,
        "dice2": 2,
        "dice3": 4
    },
    {
        "phien": 16,
        "result": "xỉu",
        "dice1": 1,
        "dice2": 5,
        "dice3": 4
    },
    {
        "phien": 17,
        "result": "tài",
        "dice1": 4,
        "dice2": 6,
        "dice3": 6
    },
    {
        "phien": 18,
        "result": "xỉu",
        "dice1": 2,
        "dice2": 1,
        "dice3": 6
    },
    {
        "phien": 19,
        "result": "xỉu",
        "dice1": 3,
        "dice2": 4,
        "dice3": 3
    },
    {
        "phien": 20,
        "result": "tài",
        "dice1": 5,
        "dice2": 1,
        "dice3": 6
    },
    {
        "phien": 21,
        "result": "xỉu",
        "dice1": 1,
        "dice2": 5,
        "dice3": 1
    },
    {
        "phien": 22,
        "result": "tài",
        "dice1": 5,
        "dice2": 2,
        "dice3": 4
    },
    {
        "phien": 23,
        "result": "tài",
        "dice1": 2,
        "dice2": 6,
        "dice3": 4
    },
    {
        "phien": 24,
        "result": "xỉu",
        "dice1": 1,
        "dice2": 1,
        "dice3": 5
    },
    {
        "phien": 25,
        "result": "xỉu",
        "dice1": 3,
        "dice2": 2,
        "dice3": 5
    },
    {
        "phien": 26,
        "result": "xỉu",
        "dice1": 2,
        "dice2": 1,
        "dice3": 3
    },
    {
        "phien": 27,
        "result": "tài",
        "dice1": 6,
        "dice2": 4,
        "dice3": 3
    },
    {
        "phien": 28,
        "result": "tài",
        "dice1": 5,
        "dice2": 3,
        "dice3": 3
    },
    {
        "phien": 29,
        "result": "tài",
        "dice1": 5,
        "dice2": 5,
        "dice3": 1
    },
    {
        "phien": 30,
        "result": "tài",
        "dice1": 6,
        "dice2": 5,
        "dice3": 3
    },
    {
        "phien": 31,
        "result": "xỉu",
        "dice1": 1,
        "dice2": 5,
        "dice3": 4
    },
    {
        "phien": 32,
        "result": "xỉu",
        "dice1": 1,
        "dice2": 4,
        "dice3": 3
    },
    {
        "phien": 33,
        "result": "tài",
        "dice1": 3,
        "dice2": 4,
        "dice3": 5
    },
    {
        "phien": 34,
        "result": "tài",
        "dice1": 4,
        "dice2": 5,
        "dice3": 3
    },
    {
        "phien": 35,
        "result": "xỉu",
        "dice1": 1,
        "dice2": 2,
        "dice3": 1
    },
    {
        "phien": 36,
        "result": "xỉu",
        "dice1": 3,
        "dice2": 1,
        "dice3": 5
    },
    {
        "phien": 37,
        "result": "xỉu",
        "dice1": 2,
        "dice2": 6,
        "dice3": 1
    },
    {
        "phien": 38,
        "result": "xỉu",
        "dice1": 1,
        "dice2": 2,
        "dice3": 6
    },
    {
        "phien": 39,
        "result": "tài",
        "dice1": 4,
        "dice2": 5,
        "dice3": 2
    },
    {
        "phien": 40,
        "result": "tài",
        "dice1": 5,
        "dice2": 6,
        "dice3": 6
    },
    {
        "phien": 41,
        "result": "tài",
        "dice1": 1,
        "dice2": 1,
        "dice3": 1
    },
    {
        "phien": 42,
        "result": "xỉu",
        "dice1": 1,
        "dice2": 3,
        "dice3": 3
    },
    {
        "phien": 43,
        "result": "xỉu",
        "dice1": 5,
        "dice2": 4,
        "dice3": 1
    },
    {
        "phien": 44,
        "result": "xỉu",
        "dice1": 2,
        "dice2": 2,
        "dice3": 6
    },
    {
        "phien": 45,
        "result": "xỉu",
        "dice1": 2,
        "dice2": 2,
        "dice3": 3
    },
    {
        "phien": 46,
        "result": "tài",
        "dice1": 5,
        "dice2": 6,
        "dice3": 6
    },
    {
        "phien": 47,
        "result": "xỉu",
        "dice1": 5,
        "dice2": 3,
        "dice3": 2
    },
    {
        "phien": 48,
        "result": "tài",
        "dice1": 6,
        "dice2": 6,
        "dice3": 4
    },
    {
        "phien": 49,
        "result": "xỉu",
        "dice1": 1,
        "dice2": 3,
        "dice3": 2
    },
    {
        "phien": 50,
        "result": "tài",
        "dice1": 5,
        "dice2": 5,
        "dice3": 3
    },
    {
        "phien": 51,
        "result": "xỉu",
        "dice1": 5,
        "dice2": 4,
        "dice3": 1
    },
    {
        "phien": 52,
        "result": "tài",
        "dice1": 4,
        "dice2": 4,
        "dice3": 4
    },
    {
        "phien": 53,
        "result": "tài",
        "dice1": 3,
        "dice2": 2,
        "dice3": 6
    },
    {
        "phien": 54,
        "result": "tài",
        "dice1": 5,
        "dice2": 5,
        "dice3": 5
    },
    {
        "phien": 55,
        "result": "tài",
        "dice1": 6,
        "dice2": 5,
        "dice3": 1
    },
    {
        "phien": 56,
        "result": "xỉu",
        "dice1": 1,
        "dice2": 1,
        "dice3": 2
    },
    {
        "phien": 57,
        "result": "xỉu",
        "dice1": 2,
        "dice2": 4,
        "dice3": 3
    },
    {
        "phien": 58,
        "result": "tài",
        "dice1": 5,
        "dice2": 4,
        "dice3": 6
    },
    {
        "phien": 59,
        "result": "xỉu",
        "dice1": 1,
        "dice2": 1,
        "dice3": 2
    },
    {
        "phien": 60,
        "result": "xỉu",
        "dice1": 5,
        "dice2": 2,
        "dice3": 2
    },
    {
        "phien": 61,
        "result": "xỉu",
        "dice1": 3,
        "dice2": 1,
        "dice3": 1
    },
    {
        "phien": 62,
        "result": "xỉu",
        "dice1": 4,
        "dice2": 1,
        "dice3": 4
    },
    {
        "phien": 63,
        "result": "tài",
        "dice1": 4,
        "dice2": 6,
        "dice3": 6
    },
    {
        "phien": 64,
        "result": "xỉu",
        "dice1": 4,
        "dice2": 2,
        "dice3": 1
    },
    {
        "phien": 65,
        "result": "xỉu",
        "dice1": 1,
        "dice2": 4,
        "dice3": 2
    },
    {
        "phien": 66,
        "result": "tài",
        "dice1": 6,
        "dice2": 6,
        "dice3": 3
    },
    {
        "phien": 67,
        "result": "xỉu",
        "dice1": 1,
        "dice2": 1,
        "dice3": 6
    },
    {
        "phien": 68,
        "result": "tài",
        "dice1": 6,
        "dice2": 4,
        "dice3": 4
    },
    {
        "phien": 69,
        "result": "tài",
        "dice1": 6,
        "dice2": 6,
        "dice3": 1
    },
    {
        "phien": 70,
        "result": "tài",
        "dice1": 6,
        "dice2": 4,
        "dice3": 2
    },
    {
        "phien": 71,
        "result": "tài",
        "dice1": 4,
        "dice2": 2,
        "dice3": 5
    },
    {
        "phien": 72,
        "result": "tài",
        "dice1": 4,
        "dice2": 5,
        "dice3": 3
    },
    {
        "phien": 73,
        "result": "xỉu",
        "dice1": 1,
        "dice2": 2,
        "dice3": 4
    },
    {
        "phien": 74,
        "result": "tài",
        "dice1": 3,
        "dice2": 4,
        "dice3": 4
    },
    {
        "phien": 75,
        "result": "xỉu",
        "dice1": 2,
        "dice2": 5,
        "dice3": 1
    },
    {
        "phien": 76,
        "result": "tài",
        "dice1": 3,
        "dice2": 6,
        "dice3": 5
    },
    {
        "phien": 77,
        "result": "xỉu",
        "dice1": 2,
        "dice2": 4,
        "dice3": 1
    },
    {
        "phien": 78,
        "result": "xỉu",
        "dice1": 2,
        "dice2": 4,
        "dice3": 1
    },
    {
        "phien": 79,
        "result": "tài",
        "dice1": 4,
        "dice2": 6,
        "dice3": 3
    },
    {
        "phien": 80,
        "result": "xỉu",
        "dice1": 4,
        "dice2": 1,
        "dice3": 2
    },
    {
        "phien": 81,
        "result": "xỉu",
        "dice1": 3,
        "dice2": 3,
        "dice3": 4
    },
    {
        "phien": 82,
        "result": "xỉu",
        "dice1": 1,
        "dice2": 5,
        "dice3": 2
    },
    {
        "phien": 83,
        "result": "tài",
        "dice1": 4,
        "dice2": 5,
        "dice3": 4
    },
    {
        "phien": 84,
        "result": "tài",
        "dice1": 6,
        "dice2": 2,
        "dice3": 5
    },
    {
        "phien": 85,
        "result": "tài",
        "dice1": 3,
        "dice2": 4,
        "dice3": 6
    },
    {
        "phien": 86,
        "result": "xỉu",
        "dice1": 3,
        "dice2": 6,
        "dice3": 1
    },
    {
        "phien": 87,
        "result": "xỉu",
        "dice1": 1,
        "dice2": 6,
        "dice3": 3
    },
    {
        "phien": 88,
        "result": "xỉu",
        "dice1": 1,
        "dice2": 2,
        "dice3": 6
    }
]